123adsa,3566dc83-feb4-35da-95e3-9b3acc8a2c36
_sirfiilzko,f58e5001-0533-450b-9911-3358edbcb11f
adelin_yt,1200fa83-8296-3e6b-804d-5b8799ee43a3
darkoster,9fb8a800-d660-3cbf-973a-c80558a08f82
dragonhacckker,63385312-4971-3d02-ac86-9edc47604611
fools9,df045c90-0cbe-4f7a-84b5-7dfe947e84bf
hedar_hgy2,1eff6f99-eb69-3529-836f-9b7a7fa588fb
hinatayt,ed09f74a-4743-3595-8285-2a165ea93335
imbow,e7f4313c-6a27-4bbc-ae3a-a418d9a92f6a
itz_atharv,e4e58729-3b4e-38fe-b0a1-5c1e3f1e67b5
itzanu_,0a1a720b-311f-3fd9-9d73-75a754fc81cf
kurama92,3d37de07-713b-3e6e-9c81-7deb57b2c40c
luisbaggins,12f98aad-089e-40c9-9b94-d6e959a3815c
mclovin61,f6906a30-2fe6-35e9-9e67-e67b110e38d6
miner_xo,648ecd86-fb1e-4c1c-8dd5-28fa3939ef66
noscopeftw,063ebf80-3d75-3cbd-965c-a52e46af1cd7
noscopeftw_yt,b30c19ae-1d44-3a33-91fc-1c31e92691d0
thebeatz,1c422abf-bce7-4081-9066-a2e71f18aed9
uzumakiyt,37a9b123-c587-3180-9614-aa425f00c61e
